Albânia - 1st Division
Albânia - 2nd Division
Albânia - Kampionati i Femrave
Alemanha - Regionalliga: Nord
Alemanha - Regionalliga: Nordost
Alemanha - Oberliga: Niederrhein
Alemanha - Oberliga: Bremen
Alemanha - Oberliga: Nordost-Süd
Alemanha - Oberliga: Westfalen
Alemanha - Oberliga: Nordost-Nord
Alemanha - Oberliga: Rheinland-Pfalz/Saar
Alemanha - Oberliga: Niedersachsen
Alemanha - Bundesliga Women
Andorra - 2. Division
Angola - Girabola
Arábia Saudita - Division 1
Argélia - Algeria Cup
Aruba - Division de Honor
Austrália - W-League
Áustria - Erste Liga
Azerbaijão - Premier League
Bahrein - Second Division
Bangladesh - Premier League
Bélgica - First Amateur Division
Bélgica - Super League Women
Belize - Premier League
Bósnia e Herzegovina - Premier Liga
Bulgária - Bulgarian Cup
Burkina Faso - Premier League
Chipre - 1. Division
Chipre - 2. Division
Chipre - 3. Division
Congo - Ligue 1
Costa do Marfim - Ligue 1
Costa Rica - Primera Division
Croácia - U19 League
Curaçao - Premier League
Dinamarca - Landspokal Cup
El Salvador - Primera Division
Emirados Árabes Unidos - Division 1
Emirados Árabes Unidos - Arabian Gulf Cup
Espanha - Primera Division RFEF: Group 1
Espanha - Primera Division RFEF: Group 2
Espanha - Tercera - Group 4
Espanha - Tercera - Group 17
Espanha - Tercera - Group 6
Espanha - Tercera - Group 12
Espanha - Tercera - Group 13
Espanha - Tercera - Group 14
Espanha - Tercera - Group 11
Espanha - Tercera - Group 15
Espanha - Tercera - Group 16
Espanha - Tercera - Group 8
Espanha - Tercera - Group 9
Espanha - Tercera - Group 7
Espanha - Tercera - Group 5
Espanha - Tercera - Group 3
Espanha - Tercera - Group 2
Espanha - Tercera - Group 18
Espanha - Tercera - Group 1
Espanha - Primera Division Women
Espanha - Segunda Division Femenina
França - CFA Group C
França - CFA Group A
França - CFA Group B
França - Division 1 Women
Gana - Premier League
Gibraltar - Premier Division
Grécia - Super League 2
Grécia - Gamma Ethniki Group 5
Grécia - Gamma Ethniki Group 6
Grécia - Panelinio Protathlima
Grécia - Super League K19
Guadalupe - Division d'Honneur
Honduras - Liga Nacional
Hong Kong - Premier League
Inglaterra - Vanarama National League North
Inglaterra - Vanarama National League South
Inglaterra - Non League Premier: Northern
Inglaterra - Non League Premier: Southern Central
Inglaterra - Non League Premier: Southern South
Inglaterra - Non League Premier: Isthmian
Inglaterra - Non League Div One: Isthmian South Central
Inglaterra - Fa Trophy
Inglaterra - Women's Super League
Inglaterra - FA Cup Women
Inglaterra - Premier League U18
Inglaterra - FA Youth Cup
Inglaterra - Premier League Cup
Irã - Azadegan League
Irlanda do Norte - Championship
Israel - Liga Alef
Israel - Liga Bet - South A
Itália - Serie C: Girone A
Itália - Serie C: Girone B
Itália - Serie C: Girone C
Itália - Serie A Women
Itália - PrimaVera 1
Itália - Primavera 2
Itália - Primavera 3
Jordânia - Shield Cup
Kosovo - Superliga
Líbano - Premier League
Malauí - Super League
Mali - Premiere Division
Malta - Premier League
Malta - First Division
Maurício - Mauritian League
Mauritânia - Super D1
Mundo - FIFA Club World Cup
Nicarágua - Primera Division
Nigéria - Npfl
Nova Zelândia - Regional Leagues
País de Gales - FAW Championship
País de Gales - Welsh Cup
Países Baixos - Tweede Divisie
Países Baixos - Women's Cup
Portugal - Liga 3
Portugal - Júniores U19
Qatar - QSL Cup
Quênia - Premier League
Quênia - Super League
RD Congo - Super Ligue
República Dominicana - Liga Mayor
República Tcheca - Fortuna Liga
Romênia - Liga 2
Romênia - 3. Liga: Series 7
Romênia - 3. Liga: Series 8
Romênia - 3. Liga: Series 6
Romênia - 3. Liga: Series 1
Romênia - 3. Liga: Series 2
Romênia - 3. Liga: Series 3
Romênia - 3. Liga: Series 4
Romênia - 3. Liga: Series 5
Ruanda - National Soccer League
São Marino - Campionato
Senegal - Ligue 1
Serra Leoa - Premier League
Sérvia - Prva Liga
St. Kitts e Nevis - Premier League
Suíça - Challenge League
Suíça - Schweizer Pokal Frauen
Tailândia - Thai Premier League
Tailândia - Thai League Two
Taipé Chinês - Taiwan Mulan Football League
Togo - Championnat National
Trinidad e Tobago - T&T Pro League
Tunísia - Ligue 2
Turquia - 1. Lig
Turquia - 2. Lig: Kirmizi
Turquia - 2. Lig: Beyaz
Turquia - 3. Lig: Group 2
Turquia - 3. Lig: Group 4
Turquia - 3. Lig: Group 1
Turquia - 3. Lig: Group 3
Turquia - U19 Elit A
Ucrânia - Premier League
Uganda - Premier League
Zâmbia - Super League
Argentina - Torneo Federal B - Pampeana Sur
Porto Rico - Liga Puerto Rico
Tahiti - Ligue 1
Japão - Empress's Cup
Argentina - Torneo Federal B - Cuyo
Argentina - Torneo Federal B - Litoral Sur
Espanha - Autonómicas: Cataluña - GR 1
Itália - Campionato Primavera 4
Países Baixos - Topklasse Women
Ucrânia - U19 League
Países Baixos - Hoofdklasse Women
Países Baixos - Eerste Klasse
Portugal - Women's Cup
Espanha - Autonómicas: Murcia
Espanha - Autonómicas: Navarra
Itália - U16 Serie A/B
Gana - Division One
Espanha - Autonómicas: Cantabria
Escócia - Regional Leagues: Midlands
Escócia - Regional Leagues: East of Scotland
País de Gales - FAW Championship - South
Etiópia - Higher League
Omã - First Division League
Indonésia - Liga Nusantara
Quênia - Women Premier League
Indonésia - Liga 1 U20
Macedônia FYR - Mladinska Super liga
Hungria - U17 League
Irlanda - Munster Senior League
Hungria - U16 League
Países Baixos - U19 Divisie 1
Países Baixos - U19 Divisie 2
EUA - USL Super League
Tailândia - Thai League 3 Cup
Espanha - Autonómicas: C Valenciana - Sud
Espanha - Autonómicas: C Valenciana - Nord
Espanha - Autonómicas: Canarias - Gran Canaria
Espanha - Autonómicas: Baleares - Mallorca A
Alemanha - Reg. Cup Hamburg
Argentina - Torneo Federal B - Litoral Norte
Espanha - División De Honor Juvenil - Group 5
Espanha - División De Honor Juvenil - Group 1
Espanha - División De Honor Juvenil - Group 2
Espanha - División De Honor Juvenil - Group 7
Espanha - División De Honor Juvenil - Group 4
Espanha - División De Honor Juvenil - Group 3
Espanha - División De Honor Juvenil - Group 6
Israel - Liga Bet - North B
Escócia - Football League - Highland League
Israel - Liga Alef - Süd
Alemanha - State Leagues: Sachsen - Anhalt
Espanha - Autonómicas: Canarias - Tenerife 1
Hungria - U19 Alap
Malta - First Division Women
Itália - Primavera 2 Women
Ucrânia - Premier League Women
Espanha - Primera Federación Femenina
Países Baixos - U21 Divisie 4
Países Baixos - U21 Divisie 3
Países Baixos - U21 Divisie 1
Martinica - Division d'Honneur
Luxemburgo - Ligue 1 Women
Itália - Serie B Women
Hungria - U19 League
Inglaterra - U18 Professional Development League
Guiana Francesa - Régional 1
Malta - National Amateur League
Países Baixos - U21 Divisie 2
Irlanda do Norte - Premier Intermediate League
Israel - U19 Elite Division
Portugal - Júniores U17
Alemanha - State Leagues: Mecklenburg - Vorpommern
