Europa - WC Qualification Europe
Alemanha - Regionalliga: Südwest
Alemanha - Regionalliga: Nord
Alemanha - Oberliga: Nordost-Süd
Alemanha - Oberliga: Westfalen
Alemanha - Oberliga: Baden-Wurttemberg
Alemanha - Oberliga: Mittelrhein
Alemanha - Oberliga: Nordost-Nord
Alemanha - Oberliga: Niedersachsen
Alemanha - Oberliga: Niederrhein
Alemanha - Oberliga: Bremen
Alemanha - Oberliga: Hessen
Alemanha - Oberliga: Rheinland-Pfalz/Saar
Alemanha - Oberliga: Hamburg
Alemanha - Oberliga: Schleswig-Holstein
Alemanha - 2. Bundesliga Women
Alemanha - Dfb Pokal Women
Andorra - Primera División
Argentina - Primera B Metropolitana
Aruba - Division de Honor
Austrália - W-League
Áustria - Landesliga: Wien
Bélgica - First Amateur Division
Bósnia e Herzegovina - First League: RS
Bósnia e Herzegovina - First League: FBiH
Botsuana - Premier League
Brasil - Paulista Women
Brasil - Gaúcho 3
Brasil - Copa Fares Lopes
Bulgária - Vtora Liga
Burkina Faso - Premier League
Congo - Ligue 1
Costa Rica - Liga de Ascenso
Croácia - 3. HNL - North
Croácia - 3. HNL - Center
Croácia - 3. HNL - East
Croácia - 3. HNL - South
Curaçao - Premier League
Dinamarca - 2nd Division
Dinamarca - Elitedivisionen Women
El Salvador - Primera Division
El Salvador - Reserve League
Emirados Árabes Unidos - Arabian Gulf Cup
Escócia - SWPL 1
Escócia - SWPL 2
Escócia - Women's Championship
Eslováquia - 2. Liga
Eslovênia - 2. SNL
Eslovênia - 1. Womens Liga
Espanha - Primera Division RFEF: Group 1
Espanha - Primera Division RFEF: Group 2
Espanha - Segunda Division RFEF: Group 4
Espanha - Segunda Division RFEF: Group 2
Espanha - Segunda Division RFEF: Group 3
Espanha - Tercera - Group 4
Espanha - Tercera - Group 1
Espanha - Tercera - Group 2
Espanha - Tercera - Group 16
Espanha - Tercera - Group 3
Espanha - Tercera - Group 14
Espanha - Tercera - Group 6
Espanha - Tercera - Group 5
Espanha - Tercera - Group 7
Espanha - Tercera - Group 15
Espanha - Tercera - Group 8
Espanha - Tercera - Group 9
Espanha - Tercera - Group 10
Espanha - Tercera - Group 12
Espanha - Tercera - Group 13
Espanha - Tercera - Group 11
Espanha - Tercera - Group 17
Espanha - Tercera - Group 18
Espanha - Primera Division Women
Espanha - Segunda Division Femenina
Gana - Premier League
Grécia - Super League 2
Grécia - Gamma Ethniki Group 1
Grécia - Gamma Ethniki Group 4
Grécia - Gamma Ethniki Group 2
Grécia - Gamma Ethniki Group 6
Grécia - Gamma Ethniki Group 5
Grécia - Gamma Ethniki Group 3
Grécia - Panelinio Protathlima
Guadalupe - Division d'Honneur
Guatemala - Liga Nacional
Guiné - Ligue 1
Hong Kong - First Division
Inglaterra - Women's Super League
Inglaterra - Wsl 2 Women
Inglaterra - Women's National League - Premier Division South
Irã - Azadegan League
Itália - Serie C: Girone A
Itália - Serie C: Girone B
Itália - Serie C: Girone C
Itália - Serie A Women
Jamaica - Premier League
Japão - J3-League
Japão - Japan Football League
Japão - Emperor Cup
Jordânia - 1st Division
Maurício - Mauritian League
México - Liga Premier Serie B
México - Liga Premier Serie A
México - Liga TDP: Group 2
Mianmar - National League
Montenegro - Second League
Nigéria - Npfl
Países Baixos - Eredivisie Women
Polônia - 2. Liga East
Portugal - 2. Division: Group A
Portugal - 2. Division: Group C
Qatar - QSL Cup
Quênia - Super League
República Tcheca - 3. Liga CFL
República Tcheca - 3. Liga MSFL
República Tcheca - 4. Liga Division A
Romênia - 3. Liga: Series 4
Romênia - Liga 1 Women
Suécia - Superettan Play-offs 3/4
Suécia - Allsvenskan Women
Suíça - 2. Liga Interregional Cup
Suíça - Nationalliga B Women
Togo - Championnat National
Turquia - 2. Lig: Kirmizi
Turquia - 2. Lig: Beyaz
Turquia - 3. Lig: Group 3
Turquia - 3. Lig: Group 4
Turquia - 3. Lig: Group 1
Ucrânia - Persha Liga
Ucrânia - Second League: Group A
Uzbequistão - Pro League A
Vietnã - Vietnamese Cup
Espanha - Autonómicas: Murcia
Espanha - Autonómicas: Castilla León - GR B
Espanha - Autonómicas: Galicia - GR 1
Espanha - Autonómicas: Navarra
Espanha - Autonómicas: C Madrid - GR 2
Espanha - Autonómicas: Galicia - Gr 2
Espanha - Autonómicas: La Rioja
Espanha - Autonómicas: Extremadura - GR 4
Espanha - Autonómicas: Extremadura - GR 2
Espanha - Autonómicas: Aragón - GR 2
Espanha - Autonómicas: Extremadura - GR 1
Espanha - Autonómicas: Asturias
Espanha - Autonómicas: Extremadura - GR 3
Espanha - Autonómicas: Andalucía - GR 1
Espanha - Autonómicas: Andalucía - GR 2
Espanha - Autonómicas: Baleares - Menorca
Espanha - Autonómicas: Euskadi - Álava
Espanha - Autonómicas: Castilla León - GR A
Espanha - Autonómicas: Castilla LM - Gr 2
Espanha - Autonómicas: Euskadi - Guipúzcoa
Itália - Primavera 2 Women
África do Sul - Diski Challenge
Espanha - Primera Federación Femenina
País de Gales - Welsh Premier Women's League
Moldávia - Campionatul Moldovei
Chipre - First Division Women
Espanha - Autonómicas: C Madrid - GR 1
Croácia - First League Women
Espanha - Autonómicas: Canarias - Tenerife 1
Espanha - Autonómicas: Baleares - Mallorca A
Espanha - Autonómicas: Cantabria
Espanha - Autonómicas: Castilla LM - Gr 1
Espanha - Autonómicas: Cataluña - GR 1
Espanha - Autonómicas: Euskadi - Vizcaya
Espanha - Autonómicas: Aragón - GR 1
Bósnia e Herzegovina - Premijer omladinska liga
Países Baixos - Eerste Klasse
EUA - USL Super League
Espanha - Autonómicas: C Valenciana - Nord
Espanha - Autonómicas: C Valenciana - Sud
Grécia - Greece Super League 2 K19
Austrália - Australian Championship
Itália - Serie B Women
Espanha - Autonómicas: Canarias - Gran Canaria
Países Baixos - Hoofdklasse Women
Itália - U18 Serie A/B
Países Baixos - Eerste Klasse Women
Portugal - Taça da Liga Feminina
Itália - Campionato Primavera 4
Brasil - Sergipano Women
Turquia - Kadınlar Ligi
Itália - U17 Serie A/B
Itália - U16 Serie A/B
Polônia - Women's Cup
Luxemburgo - Promotion d'Honneur
Rússia - Second League A
Espanha - División De Honor Juvenil - Group 4
França - Championnat National U17
Alemanha - State Leagues: Bayern - Nordost
Turquia - Super Lig Women
Itália - Primavera Women
Macedônia FYR - Womens League
Hong Kong - 1st Div League Cup
Malásia - Liga M3
Ilha da Reunião - Regionale 1
Alemanha - State Leagues: Bayern - Nordwest
Polônia - 3. Liga - Group 3
Alemanha - State Leagues: Bayern - Mitte
Alemanha - State Leagues: Bayern - Südost
Alemanha - State Leagues: Bayern - Südwest
Alemanha - State Leagues: Saarland
Alemanha - State Leagues: Hamburg - Hansa
Alemanha - State Leagues: Hamburg - Hammonia
Brasil - Paranaense Women
Alemanha - Regionalliga Women - Südwest
Polônia - 3. Liga - Group 4
Alemanha - State Leagues: Hessen - Mitte
Espanha - División De Honor Juvenil - Group 3
Tailândia - Thai League 3 - West
Espanha - División De Honor Juvenil - Group 6
Alemanha - Regionalliga Women - Nordost
Espanha - División De Honor Juvenil - Group 7
Polônia - 3. Liga - Group 2
Espanha - División De Honor Juvenil - Group 2
Espanha - División De Honor Juvenil - Group 1
Espanha - División De Honor Juvenil - Group 5
Alemanha - Regionalliga Women - Nord
Alemanha - Regionalliga Women - West
Alemanha - Regionalliga Women - Süd
Tailândia - Thai League 3 - Championship Round
Eslováquia - 4. liga: Bratislava
Romênia - Liga 2 Feminin
França - Championnat National U19
Alemanha - State Leagues: Südwest
Alemanha - State Leagues: Hessen - Nord
Alemanha - State Leagues: Baden
Ásia - AFC Women's Club Championship
Áustria - Women's Cup
Croácia - Second NL
Luxemburgo - 1. Division
Alemanha - State Leagues: Südbaden
Alemanha - State Leagues: Schleswig - Holstein
Alemanha - State Leagues: Rheinland
Alemanha - State Leagues: Sachsen
Alemanha - State Leagues: Mittelrhein - 1
Alemanha - State Leagues: Mittelrhein - 2
Alemanha - State Leagues: Weser - Ems
Alemanha - State Leagues: Württemberg
Alemanha - State Leagues: Hessen - Süd
Polônia - IV Liga: Warmińsko-Mazurska
Polônia - IV Liga: Pomorska
Polônia - IV Liga: Kujawsko-Pomorska
Polônia - IV Liga: Lubuska
Polônia - IV Liga: Mazowiecka
Polônia - IV Liga: Małopolska
Polônia - IV Liga: Wielkopolska
Polônia - IV Liga: Zachodniopomorska
Polônia - IV Liga: Podkarpacka
Polônia - IV Liga: Świętokrzyska
Polônia - IV Liga: Lubelska I
Dinamarca - 2. Division Women
