Rússia - Premier League
África do Sul - Gladafrica Championship
Albânia - 1st Division
Albânia - 2nd Division
Alemanha - Regionalliga: Nordost
Alemanha - Regionalliga: Südwest
Alemanha - Regionalliga: West
Alemanha - Regionalliga: Nord
Alemanha - Oberliga: Baden-Wurttemberg
Alemanha - Oberliga: Hessen
Alemanha - Oberliga: Westfalen
Alemanha - Oberliga: Mittelrhein
Alemanha - Oberliga: Schleswig-Holstein
Alemanha - Oberliga: Niederrhein
Alemanha - Oberliga: Nordost-Süd
Alemanha - Oberliga: Hamburg
Alemanha - Oberliga: Niedersachsen
Alemanha - Oberliga: Bremen
Alemanha - Oberliga: Nordost-Nord
Alemanha - Bundesliga Women
Alemanha - 2. Bundesliga Women
Andorra - Primera División
Andorra - 2. Division
Angola - Girabola
Arábia Saudita - Division 1
Arábia Saudita - Youth League
Argentina - Primera B Metropolitana
Argentina - Torneo Federal B
Armênia - First League
Aruba - Division de Honor
Austrália - W-League
Áustria - Erste Liga
Áustria - Regionalliga: Mitte
Áustria - Landesliga: Wien
Azerbaijão - Premier League
Bahrein - Premier League
Belarus - Vysshaya Liga
Bélgica - First Amateur Division
Bósnia e Herzegovina - Premier Liga
Bósnia e Herzegovina - First League: RS
Bósnia e Herzegovina - First League: FBiH
Brasil - Paulista Women
Brasil - Carioca B2
Brasil - Gaúcho 3
Brasil - Copa Fares Lopes
Brasil - Copa Gaúcha
Bulgária - Vtora Liga
Burkina Faso - Premier League
Burundi - Ligue A
Camboja - C-League
Chile - Segunda División
Chipre - 1. Division
Chipre - 2. Division
Congo - Ligue 1
Coréia do Sul - K3 League Advanced
Costa Rica - Primera Division
Costa Rica - Liga de Ascenso
Croácia - 2. HNL
Croácia - 3. HNL - East
Croácia - 3. HNL - South
Curaçao - Premier League
Dinamarca - 2nd Division
El Salvador - Primera Division
El Salvador - Reserve League
Escócia - Women's Championship
Escócia - SWPL Cup
Eslováquia - 2. Liga
Eslovênia - 2. SNL
Eslovênia - 1. Womens Liga
Espanha - Primera Division RFEF: Group 2
Espanha - Primera Division RFEF: Group 1
Espanha - Segunda Division RFEF: Group 5
Espanha - Segunda Division RFEF: Group 4
Espanha - Segunda Division RFEF: Group 2
Espanha - Segunda Division RFEF: Group 3
Espanha - Tercera - Group 9
Espanha - Tercera - Group 8
Espanha - Tercera - Group 5
Espanha - Tercera - Group 6
Espanha - Tercera - Group 4
Espanha - Tercera - Group 10
Espanha - Tercera - Group 3
Espanha - Tercera - Group 16
Espanha - Tercera - Group 2
Espanha - Tercera - Group 1
Espanha - Tercera - Group 7
Espanha - Tercera - Group 17
Espanha - Tercera - Group 11
Espanha - Tercera - Group 12
Espanha - Tercera - Group 13
Espanha - Tercera - Group 14
Espanha - Tercera - Group 15
Espanha - Tercera - Group 18
Espanha - Primera Division Women
Espanha - Segunda Division Femenina
Estônia - Esiliiga A
Estônia - Esiliiga B
Etiópia - Premier League
Filipinas - PFL
França - Feminine Division 2
Gana - Premier League
Gibraltar - Premier Division
Grécia - Super League 2
Grécia - Gamma Ethniki Group 5
Grécia - Gamma Ethniki Group 6
Grécia - Gamma Ethniki Group 3
Grécia - Gamma Ethniki Group 4
Grécia - Gamma Ethniki Group 1
Grécia - Gamma Ethniki Group 2
Grécia - Panelinio Protathlima
Guadalupe - Division d'Honneur
Guatemala - Liga Nacional
Hong Kong - Premier League
Hungria - Merkantil Bank Liga
Indonésia - Liga 1
Inglaterra - Women's Super League
Inglaterra - Wsl 2 Women
Inglaterra - Premier League 2 Division One
Irã - Azadegan League
Irlanda - FAI Cup
Itália - Serie C: Girone A
Itália - Serie C: Girone C
Itália - Serie C: Girone B
Itália - Serie A Women
Itália - PrimaVera 1
Itália - Primavera 2
Jamaica - Premier League
Japão - J3-League
Japão - Japan Football League
Jordânia - 1st Division
Kuwait - Premier League
Letônia - Virsliga
Letônia - Women League
Líbano - Premier League
Lituânia - 1. Lyga
Lituânia - A Lyga Women
Macedônia FYR - First League
Malauí - Super League
México - Liga de Expansión MX
México - Liga Premier Serie A
México - Liga Premier Serie B
México - Liga TDP: Group 2
Moçambique - Mocambola
Moldávia - National Division
Montenegro - First League
Mundo - World Cup U17
Nigéria - Npfl
Nova Zelândia - National League Women
Polônia - 1. Liga
Polônia - 2. Liga East
Polônia - 3. Liga
Portugal - Liga 3
Portugal - 2. Division: Group A
Portugal - 2. Division: Group B
Portugal - 2. Division: Group C
Portugal - 2. Division: Group D
Portugal - 1st Division Women
Qatar - Premier League
Quênia - Premier League
Quênia - Super League
República Dominicana - Liga Mayor
República Tcheca - Fortuna Liga
República Tcheca - 2. Liga FNL
República Tcheca - 3. Liga MSFL
República Tcheca - 4. Liga Division F
República Tcheca - 4. Liga Division E
República Tcheca - 4. Liga Division D
República Tcheca - 4. Liga Division B
República Tcheca - 4. Liga Division C
Romênia - Liga 1 Women
Ruanda - National Soccer League
Rússia - Pfl
São Marino - Campionato
Serra Leoa - Premier League
Sérvia - Prva Liga
Sérvia - U19 League
Suécia - Ettan: North
Suécia - Allsvenskan Women
Suíça - Challenge League
Suíça - 1.Liga Promotion
Tailândia - Thai Premier League
Tailândia - Thai League Two
Tajiquistão - Vysshaya Liga
Tanzânia - Ligi kuu Bara
Tunísia - Ligue 1
Turquia - 1. Lig
Turquia - 2. Lig: Kirmizi
Turquia - 3. Lig: Group 3
Turquia - 3. Lig: Group 1
Turquia - 3. Lig: Group 4
Turquia - 3. Lig: Group 2
Turquia - U19 Elit A
Ucrânia - Premier League
Ucrânia - Persha Liga
Uzbequistão - Professional Football League
Uzbequistão - Pro League A
Vietnã - V-League
Vietnã - V-League 2
Espanha - Autonómicas: Castilla León - GR A
Espanha - Autonómicas: Galicia - GR 1
Espanha - Autonómicas: Navarra
Espanha - Autonómicas: C Madrid - GR 2
Espanha - Autonómicas: Asturias
Espanha - Autonómicas: Extremadura - GR 4
Espanha - Autonómicas: Galicia - Gr 2
Espanha - Autonómicas: La Rioja
Espanha - Autonómicas: Castilla León - GR B
Espanha - Autonómicas: Baleares - Menorca
Espanha - Autonómicas: Murcia
Espanha - Autonómicas: Aragón - GR 2
Espanha - Autonómicas: Extremadura - GR 1
Espanha - Autonómicas: Extremadura - GR 2
Espanha - Autonómicas: Extremadura - GR 3
Espanha - Autonómicas: Andalucía - GR 1
Espanha - Autonómicas: Andalucía - GR 2
Espanha - Autonómicas: C Madrid - GR 1
Espanha - Autonómicas: Euskadi - Álava
Espanha - Autonómicas: Aragón - GR 1
Espanha - Autonómicas: Cataluña - GR 1
Espanha - Autonómicas: Euskadi - Guipúzcoa
Moldávia - Campionatul Moldovei
Espanha - Autonómicas: Euskadi - Vizcaya
República Tcheca - 2. Liga Women
França - Championnat National U17
Países Baixos - Eerste Klasse
Guiana Francesa - Régional 1
Itália - Serie B Women
Martinica - Division d'Honneur
Espanha - Autonómicas: Castilla LM - Gr 2
África do Sul - Diski Challenge
Espanha - Primera Federación Femenina
Ucrânia - Premier League Women
Chipre - First Division Women
Croácia - First League Women
Espanha - Autonómicas: Canarias - Tenerife 1
Espanha - Autonómicas: Baleares - Mallorca A
Espanha - Autonómicas: Cantabria
Espanha - Autonómicas: Castilla LM - Gr 1
Turquia - Bölgesel Amatör Lig - Region 10
Hungria - NB 3: Northwest
Países Baixos - Hoofdklasse Women
África do Sul - Super League Women
Espanha - Autonómicas: C Valenciana - Sud
Europa - UEFA U17 Championship Women Qualification
Brasil - Potiguar Women
EUA - USL Super League
Grécia - Greece Super League 2 K19
Canadá - Northern Super League
Brasil - Goiano 3
Bósnia e Herzegovina - Premijer omladinska liga
Suíça - 2. Liga Interregional - Group 3
Suíça - 2. Liga Interregional - Group 2
Suíça - 2. Liga Interregional - Group 4
Suíça - 2. Liga Interregional - Group 5
Austrália - Australian Championship
Áustria - 2. Frauenliga
Espanha - Autonómicas: C Valenciana - Nord
Espanha - Autonómicas: Canarias - Gran Canaria
Países Baixos - Eerste Klasse Women
Ucrânia - U19 League
Argentina - Tornea Federal B - Centro
Polônia - IV Liga: Śląska I
Inglaterra - FA Vase
Porto Rico - Liga Puerto Rico
Brasil - Sergipano Women
Itália - U18 Serie A/B
Alemanha - DFB Junioren Pokal
Turquia - Kadınlar Ligi
Japão - WE League
Itália - U17 Serie A/B
Itália - U16 Serie A/B
Rússia - Second League A
Hungria - NB 3: Northeast
Hungria - NB 3: Southeast
Hungria - NB 3: Southwest
Bulgária - Women's League
Alemanha - State Leagues: Bayern - Nordwest
Ilha da Reunião - Regionale 1
Polônia - 3. Liga - Group 4
Alemanha - Regionalliga Women - Südwest
Macedônia FYR - Womens League
Malásia - Liga M3
Alemanha - State Leagues: Bayern - Nordost
Tailândia - Thai League 3 - Championship Round
Alemanha - State Leagues: Bayern - Mitte
Alemanha - State Leagues: Bayern - Südost
Alemanha - State Leagues: Bayern - Südwest
Alemanha - State Leagues: Saarland
Alemanha - State Leagues: Hamburg - Hansa
Alemanha - State Leagues: Hamburg - Hammonia
Brasil - Paranaense Women
Eslováquia - 4. liga: Bratislava
Alemanha - State Leagues: Hessen - Mitte
Polônia - 3. Liga - Group 2
Alemanha - Regionalliga Women - Süd
Alemanha - State Leagues: Hessen - Süd
Espanha - División De Honor Juvenil - Group 7
Tailândia - Thai League 3 - West
Espanha - División De Honor Juvenil - Group 6
Alemanha - Regionalliga Women - Nordost
Espanha - División De Honor Juvenil - Group 3
Espanha - División De Honor Juvenil - Group 4
Espanha - División De Honor Juvenil - Group 2
Espanha - División De Honor Juvenil - Group 1
Espanha - División De Honor Juvenil - Group 5
Turquia - Bölgesel Amatör Lig - Region 5
Turquia - Bölgesel Amatör Lig - Region 6
Turquia - Bölgesel Amatör Lig - Region 3
Turquia - Bölgesel Amatör Lig - Region 8
Turquia - Bölgesel Amatör Lig - Region 4
Turquia - Bölgesel Amatör Lig - Region 9
Turquia - Bölgesel Amatör Lig - Region 7
Alemanha - Regionalliga Women - West
Eslováquia - 4. liga: West
Polônia - IV Liga: Pomorska
Hungria - Nöi NB II
Suíça - 2. Liga Interregional
Brasil - Mineiro 3
Alemanha - State Leagues: Baden
Ásia - AFC Women's Club Championship
França - Championnat National U19
Alemanha - State Leagues: Thüringen
Alemanha - State Leagues: Südwest
Alemanha - State Leagues: Schleswig - Holstein
Alemanha - State Leagues: Rheinland
Alemanha - State Leagues: Sachsen
Alemanha - State Leagues: Mittelrhein - 1
Alemanha - State Leagues: Mittelrhein - 2
Malta - National Amateur League
Romênia - Liga 2 Feminin
Áustria - Frauenliga
Alemanha - State Leagues: Hessen - Nord
Polônia - IV Liga: Dolnośląska East
Polônia - IV Liga: Lódzka
Polônia - IV Liga: Mazowiecka
Polônia - IV Liga: Małopolska
Polônia - IV Liga: Wielkopolska
Polônia - IV Liga: Podkarpacka
Polônia - IV Liga: Świętokrzyska
Polônia - IV Liga: Lubelska I
Alemanha - State Leagues: Weser - Ems
Alemanha - State Leagues: Sachsen - Anhalt
Dinamarca - 2. Division Women
Alemanha - U17 Bundesliga
Alemanha - State Leagues: Südbaden
