Rússia - Premier League
África do Sul - Gladafrica Championship
Alemanha - Regionalliga: Nordost
Alemanha - Regionalliga: Südwest
Alemanha - Regionalliga: West
Alemanha - Oberliga: Westfalen
Alemanha - Oberliga: Baden-Wurttemberg
Alemanha - Oberliga: Bremen
Alemanha - Oberliga: Bayern Nord
Alemanha - Oberliga: Schleswig-Holstein
Alemanha - Oberliga: Hamburg
Alemanha - Oberliga: Mittelrhein
Alemanha - Oberliga: Niederrhein
Alemanha - Oberliga: Niedersachsen
Alemanha - Oberliga: Nordost-Nord
Alemanha - Oberliga: Rheinland-Pfalz/Saar
Alemanha - Oberliga: Nordost-Süd
Alemanha - Oberliga: Hessen
Alemanha - Junioren Bundesliga
Andorra - Primera División
Andorra - 2. Division
Angola - Girabola
Arábia Saudita - Youth League
Aruba - Division de Honor
Austrália - W-League
Áustria - Erste Liga
Azerbaijão - Premier League
Belarus - Vysshaya Liga
Bélgica - First Amateur Division
Bermudas - Premier League
Bósnia e Herzegovina - Premier Liga
Brunei Darussalam - Super League
Bulgária - Vtora Liga
Burkina Faso - Premier League
Burundi - Ligue A
Chile - Segunda División
Chipre - 1. Division
Chipre - 2. Division
Cingapura - Singapore Cup
Congo - Ligue 1
Costa Rica - Primera Division
Croácia - 2. HNL
Croácia - 3. HNL - Center
Croácia - 3. HNL - East
Croácia - 3. HNL - North
Croácia - 3. HNL - South
Curaçao - Premier League
Emirados Árabes Unidos - Division 1
Eslováquia - Youth League
Eslovênia - 1. Junior League
Espanha - Primera Division RFEF: Group 2
Espanha - Primera Division RFEF: Group 1
Espanha - Segunda Division RFEF: Group 4
Espanha - Segunda Division RFEF: Group 3
Espanha - Segunda Division RFEF: Group 2
Espanha - Tercera - Group 18
Etiópia - Premier League
Filipinas - PFL
Gana - Premier League
Geórgia - Crystalbet Erovnuli Liga
Gibraltar - Premier Division
Grécia - Super League 2
Grécia - Gamma Ethniki Group 3
Grécia - Gamma Ethniki Group 4
Grécia - Gamma Ethniki Group 5
Grécia - Gamma Ethniki Group 2
Grécia - Gamma Ethniki Group 1
Grécia - Gamma Ethniki Group 6
Grécia - Super League K19
Guatemala - Liga Nacional
Hong Kong - Premier League
Hong Kong - First Division
Hungria - Merkantil Bank Liga
Indonésia - Liga 1
Inglaterra - Women's National League - Premier Division South
Inglaterra - FA Cup Women
Inglaterra - Premier League Cup
Itália - Serie C: Girone C
Itália - Serie C: Girone B
Itália - Serie C: Girone A
Itália - PrimaVera 1
Itália - Primavera 2
Jordânia - 1st Division
Jordânia - Shield Cup
Líbano - Premier League
Luxemburgo - National Division
Macedônia FYR - First League
Macedônia FYR - Second League
Malauí - Super League
Malta - First Division
Malta - Gozo First Division
Maurício - Mauritian League
México - Liga Premier Serie B
Moçambique - Mocambola
Moldávia - National Division
Montenegro - First League
Montenegro - Second League
Nigéria - Npfl
Polônia - 1. Liga
Polônia - 2. Liga East
Polônia - 3. Liga
Portugal - Liga 3
Portugal - 2. Division: Group A
Quênia - Premier League
República Dominicana - Liga Mayor
República Tcheca - Fortuna Liga
Romênia - Liga 2
Ruanda - National Soccer League
São Marino - Campionato
Sérvia - U19 League
Suíça - Challenge League
Suíça - Nationalliga B Women
Tailândia - Thai Premier League
Tailândia - Thai League Two
Taipé Chinês - Taiwan Football Premier League
Tanzânia - Ligi kuu Bara
Togo - Championnat National
Turquia - 1. Lig
Turquia - 2. Lig: Beyaz
Turquia - 2. Lig: Kirmizi
Turquia - 3. Lig: Group 3
Turquia - 3. Lig: Group 4
Turquia - 3. Lig: Group 2
Turquia - U19 Elit A
Ucrânia - Premier League
Ucrânia - Persha Liga
Uzbequistão - Professional Football League
Zâmbia - Super League
Espanha - Autonómicas: C Madrid - GR 2
Espanha - Autonómicas: Asturias
Espanha - Autonómicas: Castilla León - GR A
Espanha - Autonómicas: Castilla León - GR B
Espanha - Autonómicas: Galicia - GR 1
Espanha - Autonómicas: Navarra
Espanha - Autonómicas: Murcia
Espanha - Autonómicas: Galicia - Gr 2
Espanha - Autonómicas: La Rioja
Espanha - Autonómicas: Extremadura - GR 4
Espanha - Autonómicas: Aragón - GR 2
Espanha - Autonómicas: Extremadura - GR 1
Espanha - Autonómicas: Euskadi - Guipúzcoa
Espanha - Autonómicas: Extremadura - GR 2
Espanha - Autonómicas: C Madrid - GR 1
Espanha - Autonómicas: Euskadi - Vizcaya
Espanha - Autonómicas: Castilla LM - Gr 2
Espanha - Autonómicas: Castilla LM - Gr 1
Espanha - Autonómicas: Baleares - Mallorca A
Espanha - Autonómicas: Canarias - Tenerife 1
País de Gales - Welsh Premier Women's League
África do Sul - Diski Challenge
Martinica - Division d'Honneur
Espanha - Autonómicas: Andalucía - GR 1
Espanha - Autonómicas: Extremadura - GR 3
Espanha - Autonómicas: Andalucía - GR 2
Luxemburgo - Promotion d'Honneur
Grécia - Greece Super League 2 K19
Ilhas Cayman - CIFA Premier League
Brasil - Potiguar Women
Espanha - Autonómicas: C Valenciana - Sud
Espanha - Autonómicas: C Valenciana - Nord
Espanha - Autonómicas: Canarias - Gran Canaria
Itália - U16 Serie A/B
Espanha - Autonómicas: Baleares - Menorca
França - Championnat National U17
Itália - U18 Serie A/B
Internacional - AFC U17 Asian Cup Qualification
Ucrânia - U19 League
Países Baixos - Eerste Klasse Women
Países Baixos - Hoofdklasse Women
Países Baixos - Eerste Klasse
Turquia - Bölgesel Amatör Lig - Region 10
Espanha - Autonómicas: Cataluña - GR 1
Espanha - Autonómicas: Aragón - GR 1
Espanha - Autonómicas: Euskadi - Álava
Guiana Francesa - Régional 1
Alemanha - State Leagues: Südbaden
Malta - National Amateur League
Turquia - Bölgesel Amatör Lig - Region 6
Malásia - Liga M3
Polônia - 3. Liga - Group 3
Polônia - 3. Liga - Group 2
Alemanha - Regionalliga Women - Süd
Arábia Saudita - Division 2
Alemanha - Regionalliga Women - West
Alemanha - Regionalliga Women - Nord
Turquia - Bölgesel Amatör Lig - Region 7
Turquia - Bölgesel Amatör Lig - Region 9
Turquia - Bölgesel Amatör Lig - Region 4
Turquia - Bölgesel Amatör Lig - Region 8
Turquia - Bölgesel Amatör Lig - Region 3
Turquia - Bölgesel Amatör Lig - Region 5
Alemanha - State Leagues: Bayern - Nordwest
Espanha - División De Honor Juvenil - Group 5
Espanha - División De Honor Juvenil - Group 1
Espanha - División De Honor Juvenil - Group 2
Espanha - División De Honor Juvenil - Group 7
Espanha - División De Honor Juvenil - Group 4
Espanha - División De Honor Juvenil - Group 3
Alemanha - Regionalliga Women - Nordost
Espanha - División De Honor Juvenil - Group 6
Alemanha - State Leagues: Bayern - Nordost
Alemanha - State Leagues: Bayern - Mitte
Alemanha - State Leagues: Mittelrhein - 2
Alemanha - State Leagues: Weser - Ems
Alemanha - State Leagues: Mittelrhein - 1
Alemanha - State Leagues: Sachsen
Alemanha - State Leagues: Rheinland
Alemanha - State Leagues: Schleswig - Holstein
Alemanha - State Leagues: Thüringen
Luxemburgo - 1. Division
França - Championnat National U19
Portugal - Júniores U17
Alemanha - State Leagues: Hessen - Nord
Alemanha - State Leagues: Südwest
Alemanha - State Leagues: Mecklenburg - Vorpommern
Alemanha - State Leagues: Bayern - Südost
Alemanha - State Leagues: Sachsen - Anhalt
Alemanha - State Leagues: Hessen - Süd
Alemanha - State Leagues: Hessen - Mitte
Geórgia - Women's League
Alemanha - State Leagues: Hamburg - Hammonia
Alemanha - State Leagues: Hamburg - Hansa
Alemanha - State Leagues: Saarland
Alemanha - State Leagues: Bayern - Südwest
