Rússia - Premier League
África do Sul - Gladafrica Championship
Albânia - 1st Division
Albânia - 2nd Division
Alemanha - Regionalliga: Nord
Alemanha - Regionalliga: West
Alemanha - Regionalliga: Südwest
Alemanha - Regionalliga: Nordost
Alemanha - Regionalliga: Bayern
Alemanha - Oberliga: Bremen
Alemanha - Oberliga: Hessen
Alemanha - Oberliga: Hamburg
Alemanha - Oberliga: Baden-Wurttemberg
Alemanha - Oberliga: Schleswig-Holstein
Alemanha - Oberliga: Westfalen
Alemanha - Oberliga: Bayern Nord
Alemanha - Oberliga: Niedersachsen
Alemanha - Oberliga: Nordost-Nord
Alemanha - Oberliga: Nordost-Süd
Alemanha - Oberliga: Rheinland-Pfalz/Saar
Alemanha - Oberliga: Bayern Süd
Alemanha - Junioren Bundesliga
Andorra - 2. Division
Angola - Girabola
Arábia Saudita - Division 1
Arábia Saudita - Youth League
Aruba - Division de Honor
Austrália - W-League
Áustria - Erste Liga
Áustria - BFV Cup
Azerbaijão - Premier League
Bahrein - Second Division
Bangladesh - Premier League
Belarus - Vysshaya Liga
Bélgica - First Amateur Division
Bermudas - Premier League
Bósnia e Herzegovina - Premier Liga
Botsuana - Premier League
Bulgária - Vtora Liga
Burkina Faso - Premier League
Burundi - Ligue A
Chile - Segunda División
Chipre - 1. Division
Chipre - 2. Division
Chipre - 3. Division
Cingapura - Singapore Cup
Congo - Ligue 1
Costa Rica - Primera Division
Croácia - 2. HNL
Croácia - 3. HNL - North
Croácia - 3. HNL - East
Croácia - 3. HNL - Center
Croácia - 3. HNL - South
Croácia - 3. HNL - West
Croácia - U19 League
Curaçao - Premier League
Emirados Árabes Unidos - Division 1
Emirados Árabes Unidos - Arabian Gulf Cup
Eslováquia - Youth League
Eslovênia - 1. Junior League
Espanha - Primera Division RFEF: Group 2
Espanha - Primera Division RFEF: Group 1
Filipinas - PFL
Gana - Premier League
Geórgia - Erovnuli Liga 2
Gibraltar - Premier Division
Grécia - Super League K19
Guadalupe - Division d'Honneur
Indonésia - Liga 1
Inglaterra - Vanarama National League South
Inglaterra - Vanarama National League North
Inglaterra - Non League Premier: Southern South
Inglaterra - Non League Premier: Isthmian
Inglaterra - Non League Premier: Northern
Inglaterra - Non League Premier: Southern Central
Inglaterra - Non League Div One: Isthmian South Central
Inglaterra - Premier League U18
Irlanda do Norte - Championship
Israel - Liga Alef
Israel - Liga Bet - South A
Itália - Serie C: Girone C
Itália - Serie C: Girone B
Itália - Serie C: Girone A
Itália - PrimaVera 1
Itália - Primavera 2
Itália - Primavera 3
Japão - J3-League
Jordânia - Shield Cup
Líbano - Premier League
Luxemburgo - National Division
Macedônia FYR - First League
Macedônia FYR - Second League
Malauí - Super League
Malta - First Division
Maurício - Mauritian League
México - Liga TDP: Group 2
Moçambique - Mocambola
Montenegro - First League
Nova Zelândia - Regional Leagues
País de Gales - FAW Championship
Países Baixos - Tweede Divisie
Polônia - 1. Liga
Polônia - 2. Liga East
Polônia - 3. Liga
Portugal - Liga 3
Portugal - 2. Division: Group D
Portugal - 2. Division: Group C
Portugal - 2. Division: Group B
Portugal - 2. Division: Group A
Portugal - Júniores U19
Qatar - QSL Cup
Quênia - Premier League
República Dominicana - Liga Mayor
República Tcheca - Fortuna Liga
República Tcheca - U19 League
Romênia - Liga 2
Romênia - 3. Liga: Series 6
Romênia - 3. Liga: Series 8
Romênia - 3. Liga: Series 7
Romênia - 3. Liga: Series 1
Romênia - 3. Liga: Series 3
Romênia - 3. Liga: Series 2
Romênia - 3. Liga: Series 5
Romênia - 3. Liga: Series 4
Ruanda - National Soccer League
São Marino - Campionato
Sérvia - Prva Liga
Sérvia - U19 League
Suécia - Allsvenskan Play-offs
Suíça - Challenge League
Suíça - 1.Liga Promotion
Suíça - Nationalliga B Women
Tailândia - Thai Premier League
Tailândia - Thai League Two
Tanzânia - Ligi kuu Bara
Togo - Championnat National
Tunísia - Ligue 2
Turquia - 1. Lig
Turquia - 2. Lig: Beyaz
Turquia - 2. Lig: Kirmizi
Turquia - 3. Lig: Group 2
Turquia - 3. Lig: Group 3
Turquia - 3. Lig: Group 4
Turquia - U19 Elit A
Ucrânia - Premier League
Ucrânia - Persha Liga
Ucrânia - Second League: Group A
Uzbequistão - Professional Football League
Zâmbia - Super League
Internacional - UEFA U19 Championship Women Qualification
Luxemburgo - Ligue 1 Women
Espanha - Autonómicas: Navarra
Espanha - Autonómicas: Cantabria
Espanha - Autonómicas: Baleares - Mallorca A
Espanha - Autonómicas: Canarias - Tenerife 1
África do Sul - Diski Challenge
Países Baixos - U21 Divisie 1
Hungria - U19 League
Hungria - U19 Alap
Guiana Francesa - Régional 1
Malta - National Amateur League
Alemanha - State Leagues: Sachsen
Alemanha - State Leagues: Rheinland
Alemanha - State Leagues: Schleswig - Holstein
Alemanha - State Leagues: Thüringen
Irlanda do Norte - Premier Intermediate League
Espanha - Autonómicas: Cataluña - GR 1
Países Baixos - Eerste Klasse
Espanha - Autonómicas: Canarias - Gran Canaria
Escócia - Regional Leagues: North JFA
País de Gales - FAW Championship - South
Hungria - U17 League
Hungria - U16 League
Países Baixos - U19 Divisie 1
Brasil - Potiguar Women
Europa - UEFA U17 Championship Women Qualification
Espanha - Autonómicas: C Valenciana - Sud
Espanha - Autonómicas: C Valenciana - Nord
Azerbaijão - Reserve League
Países Baixos - Hoofdklasse Women
Suíça - U19 Elite
Luxemburgo - Promotion d'Honneur
Tahiti - Ligue 1
Brasil - Sergipano Women
Itália - Campionato Primavera 4
Países Baixos - Topklasse Women
Ucrânia - U19 League
Países Baixos - Eerste Klasse Women
França - Championnat National U19
Croácia - Second NL
Espanha - División De Honor Juvenil - Group 5
Arábia Saudita - Division 2
Espanha - División De Honor Juvenil - Group 1
Polônia - 3. Liga - Group 2
Espanha - División De Honor Juvenil - Group 2
Espanha - División De Honor Juvenil - Group 7
Espanha - División De Honor Juvenil - Group 4
Espanha - División De Honor Juvenil - Group 3
Espanha - División De Honor Juvenil - Group 6
Israel - Liga Bet - North B
Escócia - Football League - Highland League
Israel - Liga Bet - North A
Israel - Liga Bet - South B
Israel - Liga Alef - Süd
Polônia - 3. Liga - Group 4
Alemanha - State Leagues: Hessen - Nord
Alemanha - State Leagues: Hessen - Süd
Alemanha - State Leagues: Südwest
Alemanha - State Leagues: Mecklenburg - Vorpommern
Alemanha - State Leagues: Weser - Ems
Alemanha - State Leagues: Südbaden
Alemanha - State Leagues: Württemberg
Alemanha - U17 Bundesliga
Inglaterra - U18 Professional Development League
Dinamarca - U17 Ligaen
Alemanha - State Leagues: Sachsen - Anhalt
Polônia - IV Liga: Dolnośląska East
Alemanha - State Leagues: Hessen - Mitte
Polônia - 3. Liga - Group 3
Escócia - Regional Leagues
Alemanha - State Leagues: Hamburg - Hansa
Alemanha - State Leagues: Saarland
Alemanha - State Leagues: Bayern - Südwest
Alemanha - State Leagues: Bayern - Südost
Alemanha - State Leagues: Bayern - Nordwest
Alemanha - State Leagues: Bayern - Nordost
Malásia - Liga M3
Escócia - Regional Leagues: Midlands
