Europa - WC Qualification Europe
Mundo - Friendly International
Albânia - Kampionati i Femrave
Alemanha - Regionalliga: Südwest
Alemanha - Regionalliga: Nord
Alemanha - Regionalliga: Bayern
Alemanha - Regionalliga: West
Alemanha - Oberliga: Bayern Nord
Alemanha - Oberliga: Hessen
Alemanha - Oberliga: Niedersachsen
Alemanha - Oberliga: Bremen
Alemanha - Oberliga: Nordost-Nord
Alemanha - Oberliga: Rheinland-Pfalz/Saar
Alemanha - Oberliga: Schleswig-Holstein
Alemanha - Oberliga: Westfalen
Alemanha - Oberliga: Baden-Wurttemberg
Alemanha - Oberliga: Bayern Süd
Alemanha - Oberliga: Niederrhein
Alemanha - Dfb Pokal Women
Alemanha - Junioren Bundesliga
Argentina - Primera B Metropolitana
Armênia - First League
Aruba - Division de Honor
Austrália - W-League
Áustria - Regionalliga: West
Áustria - Regionalliga: Ost
Áustria - Landesliga: Wien
Áustria - STFV Cup
Bélgica - First Amateur Division
Bélgica - Super League Women
Bósnia e Herzegovina - First League: RS
Botsuana - Premier League
Brasil - Copa Fares Lopes
Bulgária - Vtora Liga
Burkina Faso - Premier League
Chipre - 3. Division
Congo - Ligue 1
Coréia do Sul - K3 League Advanced
Croácia - 2. HNL
Croácia - 3. HNL - East
Croácia - 3. HNL - South
Croácia - 3. HNL - Center
Croácia - 3. HNL - North
Curaçao - Premier League
Dinamarca - 2nd Division
Dinamarca - Elitedivisionen Women
Emirados Árabes Unidos - Arabian Gulf Cup
Eslováquia - 2. Liga
Eslováquia - Slovakia Cup
Eslováquia - Youth League
Eslovênia - 2. SNL
Eslovênia - 1. Junior League
Espanha - Primera Division RFEF: Group 2
Espanha - Primera Division RFEF: Group 1
Espanha - Segunda Division RFEF: Group 2
Espanha - Tercera - Group 2
Espanha - Tercera - Group 3
Espanha - Tercera - Group 18
Espanha - Tercera - Group 16
Espanha - Tercera - Group 10
Espanha - Tercera - Group 4
Espanha - Tercera - Group 13
Espanha - Tercera - Group 6
Espanha - Tercera - Group 5
Espanha - Tercera - Group 7
Espanha - Tercera - Group 12
Espanha - Tercera - Group 8
Espanha - Tercera - Group 11
Espanha - Tercera - Group 15
Espanha - Primera Division Women
Espanha - Segunda Division Femenina
Europa - U21 Championship Qualification
Gana - Premier League
Grécia - Panelinio Protathlima
Guatemala - Liga Nacional
Guiné - Ligue 1
Hungria - Merkantil Bank Liga
Hungria - Nb I Women
Inglaterra - Non League Premier: Southern Central
Inglaterra - Non League Premier: Isthmian
Inglaterra - Non League Premier: Northern
Inglaterra - Non League Premier: Southern South
Inglaterra - Non League Div One: Isthmian South Central
Inglaterra - Women's Super League
Inglaterra - Premier League International Cup
Irlanda do Norte - Championship
Itália - Serie C: Girone B
Itália - Serie C: Girone C
Itália - Serie C: Girone A
Itália - Serie A Women
Itália - Primavera 3
Japão - J3-League
Japão - Japan Football League
Líbano - FA Cup
Macedônia FYR - First League
Macedônia FYR - Second League
Malauí - Super League
Maurício - Mauritian League
México - Liga Premier Serie B
México - Liga Premier Serie A
México - Liga TDP: Group 2
Nigéria - Npfl
Noruega - Toppserien
Nova Zelândia - Regional Leagues
Nova Zelândia - National League Women
País de Gales - FAW Championship
Países Baixos - Tweede Divisie
Polônia - 2. Liga East
Polônia - 3. Liga
Portugal - Júniores U19
Qatar - QSL Cup
Quênia - Premier League
Quênia - Super League
República Tcheca - 3. Liga MSFL
República Tcheca - 3. Liga CFL
República Tcheca - 4. Liga Division C
República Tcheca - 4. Liga Division A
República Tcheca - 4. Liga Division B
República Tcheca - 4. Liga Division D
República Tcheca - U19 League
Romênia - 3. Liga: Series 7
Romênia - 3. Liga: Series 8
Romênia - 3. Liga: Series 1
Romênia - 3. Liga: Series 2
Romênia - 3. Liga: Series 3
Romênia - 3. Liga: Series 4
Romênia - 3. Liga: Series 6
Romênia - 3. Liga: Series 5
Romênia - Liga 1 Women
Rússia - Pfl
Sérvia - Prva Liga
Suécia - Superettan Play-offs 3/4
Suécia - Elitettan Women
Suíça - 1.Liga Promotion
Suíça - 2. Liga Interregional Cup
Suíça - Nationalliga A Women
Suíça - Nationalliga B Women
Taipé Chinês - Taiwan Mulan Football League
Togo - Championnat National
Tunísia - Ligue 2
Turquia - 2. Lig: Kirmizi
Turquia - 3. Lig: Group 3
Turquia - 3. Lig: Group 1
Turquia - 3. Lig: Group 4
Ucrânia - Persha Liga
Uzbequistão - Professional Football League
Uzbequistão - Pro League A
Vietnã - Vietnamese Cup
Itália - Primavera 2 Women
Espanha - Autonómicas: Canarias - Tenerife 1
Espanha - Autonómicas: Baleares - Mallorca A
Espanha - Autonómicas: Navarra
Espanha - Autonómicas: Cataluña - GR 1
Países Baixos - Eerste Klasse
Países Baixos - Hoofdklasse Women
Países Baixos - U21 Divisie 3
Ucrânia - Premier League Women
Bulgária - Women's League
Países Baixos - U21 Divisie 2
Espanha - Primera Federación Femenina
Hungria - U19 League
Itália - Serie B Women
Luxemburgo - Ligue 1 Women
Países Baixos - U21 Divisie 1
Países Baixos - U21 Divisie 4
África do Sul - Diski Challenge
Países Baixos - Eerste Klasse Women
Ucrânia - U19 League
Países Baixos - U19 Divisie 1
Egito - Second Division A
Espanha - Autonómicas: C Valenciana - Sud
Arábia Saudita - Women’s Premier League
Brasil - Potiguar Women
Brasil - Goiano Women
EUA - USL Super League
Hungria - U16 League
Brasil - Goiano 3
Hungria - U15 League
Alemanha - State Leagues: Rheinland
Bósnia e Herzegovina - Premijer omladinska liga
País de Gales - FAW Championship - South
Escócia - Regional Leagues: North JFA
Austrália - Australian Championship
Escócia - Regional Leagues: Midlands
Espanha - Autonómicas: C Valenciana - Nord
Espanha - Autonómicas: Canarias - Gran Canaria
Países Baixos - Topklasse Women
Marrocos - Division 1 Féminin
Itália - Campionato Primavera 4
Inglaterra - U18 Premier League Cup
Polônia - IV Liga: Śląska I
Porto Rico - Liga Puerto Rico
Brasil - Sergipano Women
Suíça - U19 Elite
Polônia - Women's Cup
Hungria - NB 3: Northeast
Hungria - NB 3: Northwest
Hungria - NB 3: Southeast
Hungria - NB 3: Southwest
Alemanha - State Leagues: Sachsen
Polônia - IV Liga: Kujawsko-Pomorska
Alemanha - State Leagues: Schleswig - Holstein
Hong Kong - 1st Div League Cup
Polônia - 3. Liga - Group 3
Eslováquia - I Liga Women
Itália - Primavera Women
Malásia - Liga M3
Polônia - 3. Liga - Group 2
Alemanha - State Leagues: Bayern - Nordost
Alemanha - State Leagues: Bayern - Nordwest
Alemanha - State Leagues: Bayern - Mitte
Alemanha - State Leagues: Bayern - Südost
Alemanha - State Leagues: Bayern - Südwest
Polônia - 3. Liga - Group 4
Tailândia - Thai League 3 - Championship Round
Alemanha - State Leagues: Hamburg - Hansa
Alemanha - Regionalliga Women - Nordost
Europa - UEFA U19 Championship Qualification
Europa - UEFA U17 Championship Qualification
África - CAF Women's Champions League
Tailândia - Thai League 3 - West
Escócia - Football League - Highland League
Espanha - División De Honor Juvenil - Group 6
Espanha - División De Honor Juvenil - Group 3
Espanha - División De Honor Juvenil - Group 4
Espanha - División De Honor Juvenil - Group 7
Espanha - División De Honor Juvenil - Group 2
Espanha - División De Honor Juvenil - Group 1
Espanha - División De Honor Juvenil - Group 5
Alemanha - Regionalliga Women - Nord
Alemanha - State Leagues: Saarland
Alemanha - State Leagues: Thüringen
Alemanha - State Leagues: Südwest
Dinamarca - U17 Ligaen
Dinamarca - 2. Division Women
Alemanha - U17 Bundesliga
Alemanha - State Leagues: Württemberg
Alemanha - State Leagues: Südbaden
Alemanha - State Leagues: Hessen - Nord
Bósnia e Herzegovina - Premijer Ženska Liga
Brasil - Mineiro 3
Alemanha - State Leagues: Baden
Ásia - AFC Women's Club Championship
Áustria - Women's Cup
Croácia - Second NL
França - Championnat National U19
Dinamarca - 3. Division
Polônia - IV Liga: Lubelska I
Geórgia - Women's League
Polônia - IV Liga: Lódzka
Eslováquia - 4. liga: Bratislava
Alemanha - State Leagues: Hessen - Mitte
Eslováquia - 4. liga: West
Alemanha - State Leagues: Hessen - Süd
Polônia - IV Liga: Pomorska
Polônia - IV Liga: Lubuska
Polônia - IV Liga: Mazowiecka
Polônia - IV Liga: Dolnośląska East
Polônia - IV Liga: Małopolska
Polônia - IV Liga: Podlaska
Polônia - IV Liga: Warmińsko-Mazurska
Polônia - IV Liga: Wielkopolska
Polônia - IV Liga: Zachodniopomorska
Polônia - IV Liga: Podkarpacka
Polônia - IV Liga: Świętokrzyska
Escócia - Regional Leagues: North Caledonian
