Portugal - Taça De Portugal
Rússia - Premier League
África do Sul - Gladafrica Championship
Albânia - 1st Division
Alemanha - Regionalliga: Nordost
Alemanha - Regionalliga: Südwest
Alemanha - Regionalliga: West
Alemanha - Regionalliga: Bayern
Alemanha - Regionalliga: Nord
Alemanha - Oberliga: Schleswig-Holstein
Alemanha - Oberliga: Bremen
Alemanha - Oberliga: Hessen
Alemanha - Oberliga: Hamburg
Alemanha - Oberliga: Niedersachsen
Alemanha - Oberliga: Nordost-Nord
Alemanha - Oberliga: Nordost-Süd
Alemanha - Oberliga: Rheinland-Pfalz/Saar
Alemanha - Bundesliga Women
Alemanha - 2. Bundesliga Women
Alemanha - Junioren Bundesliga
Andorra - Primera División
Andorra - 2. Division
Angola - Girabola
Arábia Saudita - Division 1
Arábia Saudita - Youth League
Aruba - Division de Honor
Austrália - W-League
Áustria - Erste Liga
Áustria - Landesliga: Wien
Azerbaijão - Premier League
Belarus - Vysshaya Liga
Bélgica - First Amateur Division
Bélgica - Super League Women
Bermudas - Premier League
Bósnia e Herzegovina - Premier Liga
Bósnia e Herzegovina - First League: RS
Botsuana - Premier League
Brasil - Copa Fares Lopes
Brunei Darussalam - Super League
Bulgária - Vtora Liga
Burkina Faso - Premier League
Burundi - Ligue A
Camboja - C-League
Chile - Segunda División
Chipre - 1. Division
Chipre - 3. Division
Cingapura - Singapore Cup
Congo - Ligue 1
Costa Rica - Primera Division
Croácia - 2. HNL
Croácia - 3. HNL - East
Croácia - 3. HNL - South
Croácia - U19 League
Curaçao - Premier League
Emirados Árabes Unidos - Division 1
Emirados Árabes Unidos - Arabian Gulf Reserve League
Escócia - SWPL 1
Escócia - SWPL 2
Escócia - Women's Championship
Eslovênia - 2. SNL
Eslovênia - 1. Junior League
Espanha - Primera Division RFEF: Group 2
Espanha - Primera Division RFEF: Group 1
Espanha - Segunda Division RFEF: Group 4
Espanha - Segunda Division RFEF: Group 3
Espanha - Segunda Division RFEF: Group 2
Espanha - Tercera - Group 6
Espanha - Tercera - Group 5
Espanha - Tercera - Group 7
Espanha - Tercera - Group 8
Espanha - Tercera - Group 4
Espanha - Tercera - Group 3
Espanha - Tercera - Group 16
Espanha - Tercera - Group 9
Espanha - Tercera - Group 15
Espanha - Tercera - Group 1
Espanha - Tercera - Group 18
Espanha - Tercera - Group 10
Espanha - Tercera - Group 17
Espanha - Tercera - Group 14
Espanha - Tercera - Group 13
Espanha - Tercera - Group 12
Espanha - Tercera - Group 11
Espanha - Tercera - Group 2
Espanha - Primera Division Women
Espanha - Segunda Division Femenina
Filipinas - PFL
França - Division 1 Women
Gana - Premier League
Gibraltar - Premier Division
Grécia - Super League 2
Grécia - Gamma Ethniki Group 6
Grécia - Gamma Ethniki Group 1
Grécia - Gamma Ethniki Group 4
Grécia - Gamma Ethniki Group 3
Grécia - Gamma Ethniki Group 5
Grécia - Gamma Ethniki Group 2
Grécia - Panelinio Protathlima
Grécia - Super League K19
Guadalupe - Division d'Honneur
Guatemala - Liga Nacional
Hong Kong - Premier League
Hong Kong - First Division
Hungria - Merkantil Bank Liga
Indonésia - Liga 1
Inglaterra - League Cup Women
Itália - Serie C: Girone C
Itália - Serie C: Girone A
Itália - Serie C: Girone B
Itália - Serie A Women
Itália - PrimaVera 1
Itália - Primavera 2
Japão - J3-League
Japão - Japan Football League
Jordânia - 1st Division
Luxemburgo - National Division
Macedônia FYR - First League
Malauí - Super League
Malta - First Division
Maurício - Mauritian League
Moldávia - National Division
Montenegro - Second League
Nigéria - Npfl
Noruega - Cup Women
Países Baixos - Eredivisie Women
Polônia - 1. Liga
Polônia - 2. Liga East
Polônia - 3. Liga
Qatar - Premier League
Quênia - Premier League
República Dominicana - Liga Mayor
República Tcheca - Fortuna Liga
República Tcheca - 3. Liga CFL
Romênia - Liga 2
Romênia - Liga 1 Women
Ruanda - National Soccer League
São Marino - Campionato
Sérvia - Prva Liga
Sérvia - U19 League
Suécia - Svenska Cupen Women
Suíça - 1.Liga Promotion
Suíça - Nationalliga A Women
Tailândia - Thai Premier League
Tailândia - Thai League Two
Tailândia - Thai League 3
Taipé Chinês - Taiwan Football Premier League
Tanzânia - Ligi kuu Bara
Tunísia - Ligue 1
Turquia - 1. Lig
Turquia - 2. Lig: Beyaz
Turquia - 2. Lig: Kirmizi
Turquia - 3. Lig: Group 2
Turquia - 3. Lig: Group 4
Turquia - 3. Lig: Group 3
Turquia - 3. Lig: Group 1
Turquia - U19 Elit A
Ucrânia - Premier League
Ucrânia - Persha Liga
Ucrânia - Second League: Group A
Vietnã - Vietnamese Cup
Zâmbia - Super League
Espanha - Autonómicas: Castilla León - GR B
Espanha - Autonómicas: La Rioja
Espanha - Autonómicas: Galicia - GR 1
Espanha - Autonómicas: Navarra
Espanha - Autonómicas: C Madrid - GR 2
Espanha - Autonómicas: Galicia - Gr 2
Martinica - Division d'Honneur
Espanha - Autonómicas: Extremadura - GR 4
Espanha - Autonómicas: Murcia
Espanha - Autonómicas: Aragón - GR 2
Espanha - Autonómicas: Extremadura - GR 1
Espanha - Autonómicas: Extremadura - GR 2
Espanha - Autonómicas: Extremadura - GR 3
Espanha - Autonómicas: Andalucía - GR 1
Espanha - Autonómicas: Andalucía - GR 2
Espanha - Autonómicas: Castilla León - GR A
Espanha - Autonómicas: Asturias
Moldávia - Campionatul Moldovei
Espanha - Autonómicas: Euskadi - Álava
África do Sul - Diski Challenge
Espanha - Primera Federación Femenina
Espanha - Autonómicas: Euskadi - Guipúzcoa
Espanha - Autonómicas: Baleares - Mallorca A
Espanha - Autonómicas: Cantabria
Espanha - Autonómicas: Castilla LM - Gr 1
Espanha - Autonómicas: Castilla LM - Gr 2
Espanha - Autonómicas: Euskadi - Vizcaya
Espanha - Autonómicas: C Madrid - GR 1
Espanha - Autonómicas: Baleares - Menorca
Espanha - Autonómicas: Aragón - GR 1
Ilhas Cayman - CIFA Premier League
Hungria - NB 3: Southwest
Espanha - Autonómicas: C Valenciana - Sud
Brasil - Potiguar Women
Hungria - NB 3: Northwest
Grécia - Greece Super League 2 K19
Itália - Serie B Women
Hungria - NB 3: Southeast
Hungria - NB 3: Northeast
Espanha - Autonómicas: Cataluña - GR 1
Países Baixos - Eerste Klasse
Países Baixos - Hoofdklasse Women
Países Baixos - Eerste Klasse Women
Ucrânia - U19 League
Luxemburgo - Promotion d'Honneur
Brasil - Sergipano Women
Itália - U18 Serie A/B
Tahiti - Ligue 1
Turquia - Kadınlar Ligi
Itália - U17 Serie A/B
Polônia - 3. Liga - Group 4
Alemanha - State Leagues: Bayern - Mitte
Alemanha - Regionalliga Women - Südwest
Turquia - Super Lig Women
Itália - Primavera Women
Macedônia FYR - Womens League
Alemanha - State Leagues: Bayern - Nordost
Alemanha - State Leagues: Bayern - Nordwest
Alemanha - State Leagues: Bayern - Südost
Polônia - 3. Liga - Group 2
Alemanha - State Leagues: Bayern - Südwest
Alemanha - State Leagues: Hamburg - Hansa
Alemanha - State Leagues: Hamburg - Hammonia
Brasil - Paranaense Women
Alemanha - State Leagues: Hessen - Mitte
Alemanha - State Leagues: Hessen - Süd
Alemanha - Regionalliga Women - Süd
Espanha - División De Honor Juvenil - Group 6
Tailândia - Thai League 3 - North East
Tailândia - Thai League 3 - East
Tailândia - Thai League 3 - West
Tailândia - Thai League 3 - North
Tailândia - Thai League 3 - South
Alemanha - Regionalliga Women - Nordost
Arábia Saudita - Division 2
Espanha - División De Honor Juvenil - Group 3
Espanha - División De Honor Juvenil - Group 4
Espanha - División De Honor Juvenil - Group 7
Espanha - División De Honor Juvenil - Group 2
Espanha - División De Honor Juvenil - Group 1
Espanha - División De Honor Juvenil - Group 5
Alemanha - Regionalliga Women - Nord
Polônia - IV Liga: Pomorska
Alemanha - State Leagues: Sachsen
França - Championnat National U19
Luxemburgo - 1. Division
Alemanha - State Leagues: Schleswig - Holstein
Alemanha - State Leagues: Rheinland
Alemanha - State Leagues: Baden
Romênia - Liga 2 Feminin
Áustria - Frauenliga
Áustria - 2. Frauenliga
França - Championnat National U17
Guiana Francesa - Régional 1
Ásia - AFC Women's Club Championship
Portugal - Júniores U17
Polônia - IV Liga: Lódzka
Polônia - IV Liga: Podlaska
Polônia - IV Liga: Zachodniopomorska
Polônia - IV Liga: Dolnośląska East
Alemanha - U17 Bundesliga
Alemanha - State Leagues: Südbaden
Alemanha - State Leagues: Weser - Ems
Alemanha - State Leagues: Südwest
Alemanha - State Leagues: Hessen - Nord
